datetime,symbol,open,high,low,close,volume
2025-09-25 09:00:00,MCX:GOLD1!,112469.0,112490.0,112350.0,112414.0,277.0
2025-09-25 09:15:00,MCX:GOLD1!,112416.0,112449.0,112292.0,112300.0,168.0
2025-09-25 09:30:00,MCX:GOLD1!,112300.0,112300.0,112182.0,112212.0,222.0
2025-09-25 09:45:00,MCX:GOLD1!,112200.0,112300.0,112200.0,112275.0,115.0
2025-09-25 10:00:00,MCX:GOLD1!,112290.0,112483.0,112289.0,112466.0,154.0
2025-09-25 10:15:00,MCX:GOLD1!,112497.0,112526.0,112410.0,112430.0,94.0
2025-09-25 10:30:00,MCX:GOLD1!,112428.0,112446.0,112400.0,112410.0,78.0
2025-09-25 10:45:00,MCX:GOLD1!,112422.0,112422.0,112337.0,112393.0,125.0
2025-09-25 11:00:00,MCX:GOLD1!,112445.0,112595.0,112409.0,112500.0,139.0
2025-09-25 11:15:00,MCX:GOLD1!,112517.0,112600.0,112487.0,112600.0,149.0
2025-09-25 11:30:00,MCX:GOLD1!,112560.0,112811.0,112535.0,112747.0,356.0
2025-09-25 11:45:00,MCX:GOLD1!,112769.0,112837.0,112740.0,112740.0,158.0
2025-09-25 12:00:00,MCX:GOLD1!,112730.0,112762.0,112580.0,112656.0,146.0
2025-09-25 12:15:00,MCX:GOLD1!,112650.0,112670.0,112570.0,112635.0,199.0
2025-09-25 12:30:00,MCX:GOLD1!,112625.0,112689.0,112610.0,112670.0,93.0
2025-09-25 12:45:00,MCX:GOLD1!,112670.0,112754.0,112632.0,112754.0,101.0
2025-09-25 13:00:00,MCX:GOLD1!,112736.0,112938.0,112652.0,112915.0,199.0
2025-09-25 13:15:00,MCX:GOLD1!,112943.0,113075.0,112909.0,112995.0,283.0
2025-09-25 13:30:00,MCX:GOLD1!,112999.0,113152.0,112915.0,113140.0,332.0
2025-09-25 13:45:00,MCX:GOLD1!,113140.0,113250.0,113061.0,113066.0,334.0
2025-09-25 14:00:00,MCX:GOLD1!,113071.0,113153.0,112913.0,113004.0,212.0
2025-09-25 14:15:00,MCX:GOLD1!,113060.0,113151.0,112900.0,113085.0,173.0
2025-09-25 14:30:00,MCX:GOLD1!,113046.0,113084.0,113005.0,113064.0,95.0
2025-09-25 14:45:00,MCX:GOLD1!,113055.0,113062.0,112920.0,112920.0,113.0
2025-09-25 15:00:00,MCX:GOLD1!,112915.0,113131.0,112914.0,113130.0,62.0
2025-09-25 15:15:00,MCX:GOLD1!,113130.0,113240.0,113045.0,113100.0,125.0
2025-09-25 15:30:00,MCX:GOLD1!,113104.0,113135.0,113000.0,113031.0,147.0
2025-09-25 15:45:00,MCX:GOLD1!,113025.0,113157.0,113014.0,113108.0,97.0
2025-09-25 16:00:00,MCX:GOLD1!,113095.0,113164.0,113095.0,113150.0,83.0
2025-09-25 16:15:00,MCX:GOLD1!,113145.0,113220.0,113075.0,113145.0,168.0
2025-09-25 16:30:00,MCX:GOLD1!,113150.0,113150.0,112712.0,112793.0,202.0
2025-09-25 16:45:00,MCX:GOLD1!,112802.0,112976.0,112786.0,112931.0,147.0
2025-09-25 17:00:00,MCX:GOLD1!,112931.0,112980.0,112866.0,112922.0,139.0
2025-09-25 17:15:00,MCX:GOLD1!,112921.0,112995.0,112904.0,112990.0,81.0
2025-09-25 17:30:00,MCX:GOLD1!,112984.0,113050.0,112940.0,113039.0,129.0
2025-09-25 17:45:00,MCX:GOLD1!,113039.0,113060.0,112941.0,113004.0,229.0
2025-09-25 18:00:00,MCX:GOLD1!,112835.0,112936.0,112516.0,112668.0,441.0
2025-09-25 18:15:00,MCX:GOLD1!,112650.0,112695.0,112430.0,112660.0,319.0
2025-09-25 18:30:00,MCX:GOLD1!,112654.0,112712.0,112494.0,112621.0,226.0
2025-09-25 18:45:00,MCX:GOLD1!,112620.0,112873.0,112619.0,112789.0,208.0
2025-09-25 19:00:00,MCX:GOLD1!,112779.0,112797.0,112358.0,112411.0,414.0
2025-09-25 19:15:00,MCX:GOLD1!,112409.0,112491.0,112310.0,112491.0,491.0
2025-09-25 19:30:00,MCX:GOLD1!,112491.0,112520.0,112220.0,112390.0,227.0
2025-09-25 19:45:00,MCX:GOLD1!,112433.0,112550.0,112355.0,112498.0,143.0
2025-09-25 20:00:00,MCX:GOLD1!,112452.0,112502.0,112290.0,112320.0,133.0
2025-09-25 20:15:00,MCX:GOLD1!,112357.0,112532.0,112248.0,112492.0,159.0
2025-09-25 20:30:00,MCX:GOLD1!,112480.0,112568.0,112378.0,112550.0,306.0
2025-09-25 20:45:00,MCX:GOLD1!,112608.0,112675.0,112475.0,112479.0,142.0
2025-09-25 21:00:00,MCX:GOLD1!,112440.0,112640.0,112440.0,112596.0,83.0
2025-09-25 21:15:00,MCX:GOLD1!,112620.0,112644.0,112568.0,112644.0,166.0
2025-09-25 21:30:00,MCX:GOLD1!,112662.0,112815.0,112635.0,112758.0,74.0
2025-09-25 21:45:00,MCX:GOLD1!,112779.0,112779.0,112558.0,112646.0,69.0
2025-09-25 22:00:00,MCX:GOLD1!,112589.0,112627.0,112484.0,112501.0,141.0
2025-09-25 22:15:00,MCX:GOLD1!,112501.0,112549.0,112475.0,112499.0,32.0
2025-09-25 22:30:00,MCX:GOLD1!,112510.0,112680.0,112461.0,112680.0,157.0
2025-09-25 22:45:00,MCX:GOLD1!,112680.0,112800.0,112658.0,112735.0,132.0
2025-09-25 23:00:00,MCX:GOLD1!,112760.0,112761.0,112621.0,112658.0,155.0
2025-09-25 23:15:00,MCX:GOLD1!,112679.0,112723.0,112554.0,112650.0,396.0
2025-09-26 09:00:00,MCX:GOLD1!,112625.0,112725.0,112511.0,112689.0,181.0
2025-09-26 09:15:00,MCX:GOLD1!,112662.0,112877.0,112662.0,112839.0,213.0
2025-09-26 09:30:00,MCX:GOLD1!,112820.0,112930.0,112815.0,112930.0,235.0
2025-09-26 09:45:00,MCX:GOLD1!,112939.0,112939.0,112722.0,112760.0,122.0
2025-09-26 10:00:00,MCX:GOLD1!,112760.0,112837.0,112725.0,112797.0,60.0
2025-09-26 10:15:00,MCX:GOLD1!,112787.0,112834.0,112770.0,112800.0,45.0
2025-09-26 10:30:00,MCX:GOLD1!,112810.0,112820.0,112750.0,112795.0,38.0
2025-09-26 10:45:00,MCX:GOLD1!,112800.0,112815.0,112750.0,112810.0,70.0
2025-09-26 11:00:00,MCX:GOLD1!,112820.0,112880.0,112752.0,112860.0,97.0
2025-09-26 11:15:00,MCX:GOLD1!,112865.0,112865.0,112770.0,112770.0,90.0
2025-09-26 11:30:00,MCX:GOLD1!,112770.0,113015.0,112770.0,113015.0,189.0
2025-09-26 11:45:00,MCX:GOLD1!,113016.0,113130.0,113002.0,113060.0,126.0
2025-09-26 12:00:00,MCX:GOLD1!,113072.0,113160.0,112919.0,112955.0,140.0
2025-09-26 12:15:00,MCX:GOLD1!,112925.0,112960.0,112859.0,112875.0,67.0
2025-09-26 12:30:00,MCX:GOLD1!,112850.0,112911.0,112805.0,112841.0,78.0
2025-09-26 12:45:00,MCX:GOLD1!,112880.0,112900.0,112810.0,112859.0,25.0
2025-09-26 13:00:00,MCX:GOLD1!,112894.0,112901.0,112855.0,112901.0,34.0
2025-09-26 13:15:00,MCX:GOLD1!,112942.0,112999.0,112843.0,112925.0,41.0
2025-09-26 13:30:00,MCX:GOLD1!,112925.0,113026.0,112890.0,112900.0,39.0
2025-09-26 13:45:00,MCX:GOLD1!,112891.0,113037.0,112891.0,113023.0,19.0
2025-09-26 14:00:00,MCX:GOLD1!,113040.0,113057.0,112956.0,113002.0,29.0
2025-09-26 14:15:00,MCX:GOLD1!,113016.0,113058.0,113016.0,113040.0,14.0
2025-09-26 14:30:00,MCX:GOLD1!,113056.0,113099.0,113015.0,113066.0,36.0
2025-09-26 14:45:00,MCX:GOLD1!,113062.0,113066.0,112925.0,112959.0,87.0
2025-09-26 15:00:00,MCX:GOLD1!,112956.0,113093.0,112908.0,113006.0,177.0
2025-09-26 15:15:00,MCX:GOLD1!,113058.0,113127.0,113013.0,113071.0,147.0
2025-09-26 15:30:00,MCX:GOLD1!,113071.0,113142.0,113071.0,113137.0,18.0
2025-09-26 15:45:00,MCX:GOLD1!,113126.0,113126.0,113025.0,113025.0,19.0
2025-09-26 16:00:00,MCX:GOLD1!,113047.0,113068.0,113000.0,113002.0,30.0
2025-09-26 16:15:00,MCX:GOLD1!,113013.0,113013.0,112926.0,113000.0,54.0
2025-09-26 16:30:00,MCX:GOLD1!,113010.0,113040.0,113000.0,113015.0,15.0
2025-09-26 16:45:00,MCX:GOLD1!,113008.0,113134.0,113002.0,113090.0,51.0
2025-09-26 17:00:00,MCX:GOLD1!,113091.0,113094.0,113036.0,113036.0,6.0
2025-09-26 17:15:00,MCX:GOLD1!,113067.0,113068.0,112900.0,112900.0,35.0
2025-09-26 17:30:00,MCX:GOLD1!,112901.0,113027.0,112872.0,113027.0,56.0
2025-09-26 17:45:00,MCX:GOLD1!,113000.0,113068.0,113000.0,113065.0,22.0
2025-09-26 18:00:00,MCX:GOLD1!,113005.0,113094.0,112945.0,112989.0,58.0
2025-09-26 18:15:00,MCX:GOLD1!,112989.0,113000.0,112906.0,112940.0,42.0
2025-09-26 18:30:00,MCX:GOLD1!,112952.0,113259.0,112951.0,113250.0,59.0
2025-09-26 18:45:00,MCX:GOLD1!,113250.0,113346.0,113144.0,113200.0,31.0
2025-09-26 19:00:00,MCX:GOLD1!,113170.0,113226.0,113143.0,113197.0,25.0
2025-09-26 19:15:00,MCX:GOLD1!,113197.0,113300.0,113173.0,113250.0,42.0
2025-09-26 19:30:00,MCX:GOLD1!,113362.0,113575.0,113362.0,113550.0,23.0
2025-09-26 19:45:00,MCX:GOLD1!,113569.0,113940.0,113569.0,113750.0,25.0
2025-09-26 20:00:00,MCX:GOLD1!,113750.0,113904.0,113670.0,113700.0,30.0
2025-09-26 20:15:00,MCX:GOLD1!,113670.0,113770.0,113550.0,113680.0,53.0
2025-09-26 20:30:00,MCX:GOLD1!,113760.0,113760.0,113580.0,113660.0,21.0
2025-09-26 20:45:00,MCX:GOLD1!,113650.0,113728.0,113608.0,113622.0,29.0
2025-09-26 21:00:00,MCX:GOLD1!,113700.0,113711.0,113627.0,113687.0,59.0
2025-09-26 21:15:00,MCX:GOLD1!,113678.0,113754.0,113678.0,113754.0,5.0
2025-09-26 21:30:00,MCX:GOLD1!,113650.0,113785.0,113600.0,113600.0,34.0
2025-09-26 21:45:00,MCX:GOLD1!,113612.0,113640.0,113400.0,113538.0,21.0
2025-09-26 22:00:00,MCX:GOLD1!,113602.0,113625.0,113600.0,113602.0,25.0
2025-09-26 22:15:00,MCX:GOLD1!,113605.0,113630.0,113605.0,113630.0,21.0
2025-09-26 22:30:00,MCX:GOLD1!,113630.0,113660.0,113617.0,113660.0,54.0
2025-09-26 22:45:00,MCX:GOLD1!,113700.0,113850.0,113700.0,113820.0,43.0
2025-09-26 23:00:00,MCX:GOLD1!,113805.0,113842.0,113701.0,113770.0,46.0
2025-09-26 23:15:00,MCX:GOLD1!,113770.0,113889.0,113726.0,113766.0,22.0
2025-09-29 09:00:00,MCX:GOLD1!,115298.0,115590.0,115100.0,115582.0,970.0
2025-09-29 09:15:00,MCX:GOLD1!,115550.0,115581.0,115377.0,115437.0,458.0
2025-09-29 09:30:00,MCX:GOLD1!,115410.0,115455.0,115386.0,115436.0,398.0
2025-09-29 09:45:00,MCX:GOLD1!,115438.0,115545.0,115381.0,115544.0,300.0
2025-09-29 10:00:00,MCX:GOLD1!,115550.0,115855.0,115550.0,115823.0,804.0
2025-09-29 10:15:00,MCX:GOLD1!,115820.0,115925.0,115785.0,115835.0,339.0
2025-09-29 10:30:00,MCX:GOLD1!,115801.0,115939.0,115746.0,115819.0,376.0
2025-09-29 10:45:00,MCX:GOLD1!,115800.0,115825.0,115725.0,115761.0,110.0
2025-09-29 11:00:00,MCX:GOLD1!,115770.0,115866.0,115700.0,115738.0,200.0
2025-09-29 11:15:00,MCX:GOLD1!,115750.0,115985.0,115738.0,115985.0,250.0
2025-09-29 11:30:00,MCX:GOLD1!,115980.0,116100.0,115951.0,116080.0,261.0
2025-09-29 11:45:00,MCX:GOLD1!,116074.0,116138.0,116021.0,116025.0,296.0
2025-09-29 12:00:00,MCX:GOLD1!,116024.0,116202.0,116024.0,116198.0,177.0
2025-09-29 12:15:00,MCX:GOLD1!,116198.0,116203.0,116045.0,116134.0,322.0
2025-09-29 12:30:00,MCX:GOLD1!,116125.0,116172.0,116030.0,116140.0,273.0
2025-09-29 12:45:00,MCX:GOLD1!,116122.0,116149.0,116003.0,116060.0,151.0
2025-09-29 13:00:00,MCX:GOLD1!,116068.0,116080.0,115862.0,115916.0,250.0
2025-09-29 13:15:00,MCX:GOLD1!,115912.0,115912.0,115736.0,115801.0,267.0
2025-09-29 13:30:00,MCX:GOLD1!,115828.0,116092.0,115828.0,116092.0,194.0
2025-09-29 13:45:00,MCX:GOLD1!,116088.0,116093.0,115877.0,115900.0,102.0
2025-09-29 14:00:00,MCX:GOLD1!,115925.0,116060.0,115925.0,116055.0,121.0
2025-09-29 14:15:00,MCX:GOLD1!,116055.0,116170.0,116055.0,116130.0,122.0
2025-09-29 14:30:00,MCX:GOLD1!,116136.0,116158.0,116086.0,116090.0,155.0
2025-09-29 14:45:00,MCX:GOLD1!,116095.0,116130.0,116050.0,116062.0,80.0
2025-09-29 15:00:00,MCX:GOLD1!,116051.0,116051.0,115876.0,115915.0,158.0
2025-09-29 15:15:00,MCX:GOLD1!,115918.0,115922.0,115863.0,115903.0,122.0
2025-09-29 15:30:00,MCX:GOLD1!,115900.0,115968.0,115875.0,115961.0,105.0
2025-09-29 15:45:00,MCX:GOLD1!,115951.0,116149.0,115946.0,116088.0,196.0
2025-09-29 16:00:00,MCX:GOLD1!,116095.0,116139.0,116088.0,116105.0,66.0
2025-09-29 16:15:00,MCX:GOLD1!,116105.0,116141.0,116050.0,116107.0,67.0
2025-09-29 16:30:00,MCX:GOLD1!,116109.0,116145.0,116098.0,116133.0,80.0
2025-09-29 16:45:00,MCX:GOLD1!,116160.0,116377.0,116160.0,116361.0,388.0
2025-09-29 17:00:00,MCX:GOLD1!,116361.0,116451.0,116330.0,116428.0,297.0
2025-09-29 17:15:00,MCX:GOLD1!,116443.0,116497.0,116360.0,116450.0,172.0
2025-09-29 17:30:00,MCX:GOLD1!,116450.0,116460.0,116276.0,116316.0,223.0
2025-09-29 17:45:00,MCX:GOLD1!,116332.0,116347.0,116148.0,116158.0,299.0
2025-09-29 18:00:00,MCX:GOLD1!,116165.0,116189.0,116015.0,116147.0,259.0
2025-09-29 18:15:00,MCX:GOLD1!,116139.0,116148.0,115980.0,116034.0,153.0
2025-09-29 18:30:00,MCX:GOLD1!,116051.0,116149.0,115912.0,116145.0,186.0
2025-09-29 18:45:00,MCX:GOLD1!,116130.0,116276.0,116130.0,116228.0,206.0
2025-09-29 19:00:00,MCX:GOLD1!,116230.0,116360.0,116150.0,116310.0,153.0
2025-09-29 19:15:00,MCX:GOLD1!,116333.0,116345.0,116124.0,116241.0,154.0
2025-09-29 19:30:00,MCX:GOLD1!,116171.0,116418.0,116150.0,116256.0,294.0
2025-09-29 19:45:00,MCX:GOLD1!,116300.0,116360.0,116081.0,116345.0,181.0
2025-09-29 20:00:00,MCX:GOLD1!,116325.0,116380.0,116256.0,116322.0,82.0
2025-09-29 20:15:00,MCX:GOLD1!,116322.0,116362.0,116229.0,116355.0,98.0
2025-09-29 20:30:00,MCX:GOLD1!,116351.0,116475.0,116240.0,116240.0,331.0
2025-09-29 20:45:00,MCX:GOLD1!,116268.0,116373.0,116227.0,116359.0,60.0
2025-09-29 21:00:00,MCX:GOLD1!,116369.0,116394.0,116182.0,116390.0,111.0
2025-09-29 21:15:00,MCX:GOLD1!,116400.0,116450.0,116381.0,116384.0,142.0
2025-09-29 21:30:00,MCX:GOLD1!,116370.0,116425.0,116351.0,116425.0,95.0
2025-09-29 21:45:00,MCX:GOLD1!,116425.0,116479.0,116400.0,116466.0,185.0
2025-09-29 22:00:00,MCX:GOLD1!,116427.0,116482.0,116367.0,116367.0,118.0
2025-09-29 22:15:00,MCX:GOLD1!,116367.0,116395.0,116354.0,116389.0,82.0
2025-09-29 22:30:00,MCX:GOLD1!,116395.0,116469.0,116395.0,116425.0,103.0
2025-09-29 22:45:00,MCX:GOLD1!,116413.0,116413.0,116267.0,116322.0,224.0
2025-09-29 23:00:00,MCX:GOLD1!,116330.0,116367.0,116291.0,116354.0,102.0
2025-09-29 23:15:00,MCX:GOLD1!,116355.0,116397.0,116300.0,116370.0,330.0
2025-09-30 09:00:00,MCX:GOLD1!,117326.0,117460.0,116475.0,117440.0,1049.0
2025-09-30 09:15:00,MCX:GOLD1!,117423.0,117542.0,117423.0,117514.0,550.0
2025-09-30 09:30:00,MCX:GOLD1!,117514.0,117561.0,117475.0,117475.0,266.0
2025-09-30 09:45:00,MCX:GOLD1!,117475.0,117514.0,117410.0,117479.0,202.0
2025-09-30 10:00:00,MCX:GOLD1!,117495.0,117540.0,117477.0,117502.0,167.0
2025-09-30 10:15:00,MCX:GOLD1!,117516.0,117578.0,117480.0,117578.0,188.0
2025-09-30 10:30:00,MCX:GOLD1!,117578.0,117697.0,117511.0,117622.0,283.0
2025-09-30 10:45:00,MCX:GOLD1!,117607.0,117690.0,117607.0,117660.0,131.0
2025-09-30 11:00:00,MCX:GOLD1!,117630.0,117679.0,117525.0,117625.0,231.0
2025-09-30 11:15:00,MCX:GOLD1!,117650.0,117750.0,117553.0,117722.0,141.0
2025-09-30 11:30:00,MCX:GOLD1!,117720.0,117750.0,117645.0,117655.0,122.0
2025-09-30 11:45:00,MCX:GOLD1!,117641.0,117643.0,117513.0,117593.0,257.0
2025-09-30 12:00:00,MCX:GOLD1!,117600.0,117788.0,117600.0,117744.0,175.0
2025-09-30 12:15:00,MCX:GOLD1!,117720.0,117739.0,117345.0,117380.0,603.0
2025-09-30 12:30:00,MCX:GOLD1!,117382.0,117460.0,117201.0,117270.0,814.0
2025-09-30 12:45:00,MCX:GOLD1!,117277.0,117372.0,117160.0,117247.0,299.0
2025-09-30 13:00:00,MCX:GOLD1!,117269.0,117331.0,117124.0,117160.0,365.0
2025-09-30 13:15:00,MCX:GOLD1!,117168.0,117211.0,116922.0,116998.0,545.0
2025-09-30 13:30:00,MCX:GOLD1!,117000.0,117088.0,116602.0,116799.0,554.0
2025-09-30 13:45:00,MCX:GOLD1!,116813.0,116813.0,116254.0,116348.0,869.0
2025-09-30 14:00:00,MCX:GOLD1!,116329.0,116329.0,115788.0,116082.0,1322.0
2025-09-30 14:15:00,MCX:GOLD1!,116090.0,116289.0,116084.0,116124.0,546.0
2025-09-30 14:30:00,MCX:GOLD1!,116119.0,116266.0,115582.0,115632.0,641.0
2025-09-30 14:45:00,MCX:GOLD1!,115627.0,115844.0,115609.0,115707.0,535.0
2025-09-30 15:00:00,MCX:GOLD1!,115700.0,115868.0,115680.0,115737.0,542.0
2025-09-30 15:15:00,MCX:GOLD1!,115720.0,115745.0,115460.0,115669.0,589.0
2025-09-30 15:30:00,MCX:GOLD1!,115674.0,115933.0,115659.0,115809.0,440.0
2025-09-30 15:45:00,MCX:GOLD1!,115813.0,116059.0,115813.0,115883.0,436.0
2025-09-30 16:00:00,MCX:GOLD1!,115870.0,116144.0,115860.0,116120.0,334.0
2025-09-30 16:15:00,MCX:GOLD1!,116120.0,116283.0,116108.0,116200.0,415.0
2025-09-30 16:30:00,MCX:GOLD1!,116200.0,116215.0,116000.0,116004.0,341.0
2025-09-30 16:45:00,MCX:GOLD1!,116007.0,116128.0,115911.0,116116.0,222.0
2025-09-30 17:00:00,MCX:GOLD1!,116127.0,116358.0,116084.0,116281.0,349.0
2025-09-30 17:15:00,MCX:GOLD1!,116258.0,116319.0,116184.0,116240.0,275.0
2025-09-30 17:30:00,MCX:GOLD1!,116245.0,116252.0,116106.0,116236.0,243.0
2025-09-30 17:45:00,MCX:GOLD1!,116224.0,116247.0,116111.0,116198.0,140.0
2025-09-30 18:00:00,MCX:GOLD1!,116167.0,116290.0,116060.0,116123.0,257.0
2025-09-30 18:15:00,MCX:GOLD1!,116123.0,116474.0,116123.0,116385.0,485.0
2025-09-30 18:30:00,MCX:GOLD1!,116378.0,116411.0,116234.0,116323.0,264.0
2025-09-30 18:45:00,MCX:GOLD1!,116340.0,116423.0,116184.0,116271.0,292.0
2025-09-30 19:00:00,MCX:GOLD1!,116250.0,116550.0,116218.0,116550.0,277.0
2025-09-30 19:15:00,MCX:GOLD1!,116570.0,116762.0,116540.0,116568.0,682.0
2025-09-30 19:30:00,MCX:GOLD1!,116576.0,117300.0,116474.0,117186.0,895.0
2025-09-30 19:45:00,MCX:GOLD1!,117188.0,117389.0,117119.0,117147.0,704.0
2025-09-30 20:00:00,MCX:GOLD1!,117150.0,117339.0,117150.0,117339.0,352.0
2025-09-30 20:15:00,MCX:GOLD1!,117344.0,117451.0,117245.0,117435.0,380.0
2025-09-30 20:30:00,MCX:GOLD1!,117440.0,117441.0,116802.0,116868.0,925.0
2025-09-30 20:45:00,MCX:GOLD1!,116895.0,117073.0,116773.0,116929.0,444.0
2025-09-30 21:00:00,MCX:GOLD1!,116941.0,117123.0,116927.0,117090.0,372.0
2025-09-30 21:15:00,MCX:GOLD1!,117090.0,117131.0,117003.0,117094.0,169.0
2025-09-30 21:30:00,MCX:GOLD1!,117110.0,117227.0,117091.0,117200.0,174.0
2025-09-30 21:45:00,MCX:GOLD1!,117201.0,117250.0,117136.0,117209.0,157.0
2025-09-30 22:00:00,MCX:GOLD1!,117210.0,117237.0,117181.0,117230.0,137.0
2025-09-30 22:15:00,MCX:GOLD1!,117234.0,117299.0,117219.0,117279.0,148.0
2025-09-30 22:30:00,MCX:GOLD1!,117279.0,117296.0,117200.0,117249.0,118.0
2025-09-30 22:45:00,MCX:GOLD1!,117250.0,117351.0,117229.0,117282.0,256.0
2025-09-30 23:00:00,MCX:GOLD1!,117278.0,117350.0,117244.0,117312.0,176.0
2025-09-30 23:15:00,MCX:GOLD1!,117313.0,117320.0,117200.0,117233.0,294.0
2025-10-01 09:00:00,MCX:GOLD1!,117708.0,117800.0,117501.0,117730.0,686.0
2025-10-01 09:15:00,MCX:GOLD1!,117730.0,117750.0,117600.0,117612.0,456.0
2025-10-01 09:30:00,MCX:GOLD1!,117620.0,117700.0,117511.0,117611.0,265.0
2025-10-01 09:45:00,MCX:GOLD1!,117611.0,117665.0,117580.0,117627.0,73.0
2025-10-01 10:00:00,MCX:GOLD1!,117620.0,117620.0,117482.0,117544.0,170.0
2025-10-01 10:15:00,MCX:GOLD1!,117553.0,117660.0,117515.0,117660.0,359.0
2025-10-01 10:30:00,MCX:GOLD1!,117670.0,117745.0,117620.0,117640.0,245.0
2025-10-01 10:45:00,MCX:GOLD1!,117648.0,117715.0,117632.0,117650.0,128.0
2025-10-01 11:00:00,MCX:GOLD1!,117640.0,117650.0,117535.0,117535.0,159.0
2025-10-01 11:15:00,MCX:GOLD1!,117536.0,117550.0,117450.0,117494.0,232.0
2025-10-01 11:30:00,MCX:GOLD1!,117506.0,117528.0,117274.0,117300.0,386.0
2025-10-01 11:45:00,MCX:GOLD1!,117300.0,117443.0,117094.0,117443.0,443.0
2025-10-01 12:00:00,MCX:GOLD1!,117465.0,117550.0,117393.0,117500.0,166.0
2025-10-01 12:15:00,MCX:GOLD1!,117503.0,117510.0,117325.0,117378.0,175.0
2025-10-01 12:30:00,MCX:GOLD1!,117390.0,117622.0,117353.0,117622.0,182.0
2025-10-01 12:45:00,MCX:GOLD1!,117604.0,117716.0,117587.0,117716.0,215.0
2025-10-01 13:00:00,MCX:GOLD1!,117710.0,117895.0,117690.0,117700.0,441.0
2025-10-01 13:15:00,MCX:GOLD1!,117700.0,118099.0,117690.0,118036.0,446.0
2025-10-01 13:30:00,MCX:GOLD1!,118038.0,118281.0,118036.0,118270.0,453.0
2025-10-01 13:45:00,MCX:GOLD1!,118250.0,118444.0,118228.0,118370.0,515.0
2025-10-01 14:00:00,MCX:GOLD1!,118385.0,118402.0,118209.0,118344.0,359.0
2025-10-01 14:15:00,MCX:GOLD1!,118343.0,118367.0,118301.0,118350.0,103.0
2025-10-01 14:30:00,MCX:GOLD1!,118355.0,118410.0,118323.0,118375.0,152.0
2025-10-01 14:45:00,MCX:GOLD1!,118360.0,118374.0,118104.0,118180.0,217.0
2025-10-01 15:00:00,MCX:GOLD1!,118170.0,118336.0,118107.0,118255.0,173.0
2025-10-01 15:15:00,MCX:GOLD1!,118262.0,118347.0,118188.0,118284.0,194.0
2025-10-01 15:30:00,MCX:GOLD1!,118289.0,118289.0,118170.0,118260.0,114.0
2025-10-01 15:45:00,MCX:GOLD1!,118217.0,118259.0,118180.0,118210.0,61.0
2025-10-01 16:00:00,MCX:GOLD1!,118205.0,118259.0,118135.0,118196.0,167.0
2025-10-01 16:15:00,MCX:GOLD1!,118199.0,118230.0,118143.0,118180.0,59.0
2025-10-01 16:30:00,MCX:GOLD1!,118215.0,118274.0,118037.0,118098.0,121.0
2025-10-01 16:45:00,MCX:GOLD1!,118102.0,118150.0,118077.0,118090.0,72.0
2025-10-01 17:00:00,MCX:GOLD1!,118110.0,118130.0,118025.0,118095.0,113.0
2025-10-01 17:15:00,MCX:GOLD1!,118103.0,118210.0,118100.0,118198.0,93.0
2025-10-01 17:30:00,MCX:GOLD1!,118207.0,118241.0,118121.0,118209.0,123.0
2025-10-01 17:45:00,MCX:GOLD1!,118239.0,118328.0,117919.0,117986.0,624.0
2025-10-01 18:00:00,MCX:GOLD1!,118000.0,118081.0,117849.0,117951.0,352.0
2025-10-01 18:15:00,MCX:GOLD1!,117969.0,117986.0,117613.0,117817.0,465.0
2025-10-01 18:30:00,MCX:GOLD1!,117819.0,117925.0,117670.0,117682.0,444.0
2025-10-01 18:45:00,MCX:GOLD1!,117667.0,117843.0,117626.0,117828.0,283.0
2025-10-01 19:00:00,MCX:GOLD1!,117850.0,117984.0,117771.0,117859.0,406.0
2025-10-01 19:15:00,MCX:GOLD1!,117859.0,117900.0,117717.0,117900.0,226.0
2025-10-01 19:30:00,MCX:GOLD1!,117870.0,117915.0,117730.0,117816.0,358.0
2025-10-01 19:45:00,MCX:GOLD1!,117813.0,117943.0,117755.0,117923.0,169.0
2025-10-01 20:00:00,MCX:GOLD1!,117940.0,118074.0,117901.0,118000.0,265.0
2025-10-01 20:15:00,MCX:GOLD1!,117981.0,118004.0,117389.0,117811.0,738.0
2025-10-01 20:30:00,MCX:GOLD1!,117820.0,117920.0,117618.0,117687.0,216.0
2025-10-01 20:45:00,MCX:GOLD1!,117740.0,117745.0,117469.0,117498.0,351.0
2025-10-01 21:00:00,MCX:GOLD1!,117460.0,117670.0,117434.0,117643.0,189.0
2025-10-01 21:15:00,MCX:GOLD1!,117640.0,117700.0,117578.0,117683.0,159.0
2025-10-01 21:30:00,MCX:GOLD1!,117660.0,117695.0,117500.0,117670.0,73.0
2025-10-01 21:45:00,MCX:GOLD1!,117665.0,117744.0,117665.0,117743.0,135.0
2025-10-01 22:00:00,MCX:GOLD1!,117744.0,117790.0,117710.0,117739.0,71.0
2025-10-01 22:15:00,MCX:GOLD1!,117744.0,117768.0,117720.0,117768.0,62.0
2025-10-01 22:30:00,MCX:GOLD1!,117768.0,117775.0,117701.0,117725.0,44.0
2025-10-01 22:45:00,MCX:GOLD1!,117730.0,117825.0,117730.0,117770.0,76.0
2025-10-01 23:00:00,MCX:GOLD1!,117779.0,117809.0,117559.0,117574.0,192.0
2025-10-01 23:15:00,MCX:GOLD1!,117566.0,117582.0,117490.0,117558.0,318.0
2025-10-03 09:00:00,MCX:GOLD1!,116938.0,117100.0,116780.0,116974.0,691.0
2025-10-03 09:15:00,MCX:GOLD1!,116965.0,117072.0,116905.0,117018.0,341.0
2025-10-03 09:30:00,MCX:GOLD1!,117012.0,117180.0,116987.0,117120.0,321.0
2025-10-03 09:45:00,MCX:GOLD1!,117120.0,117228.0,117050.0,117139.0,176.0
2025-10-03 10:00:00,MCX:GOLD1!,117111.0,117153.0,117050.0,117085.0,170.0
2025-10-03 10:15:00,MCX:GOLD1!,117095.0,117129.0,117050.0,117055.0,164.0
2025-10-03 10:30:00,MCX:GOLD1!,117056.0,117240.0,117056.0,117232.0,104.0
2025-10-03 10:45:00,MCX:GOLD1!,117240.0,117414.0,117240.0,117352.0,239.0
2025-10-03 11:00:00,MCX:GOLD1!,117359.0,117450.0,117343.0,117403.0,198.0
2025-10-03 11:15:00,MCX:GOLD1!,117415.0,117482.0,117343.0,117351.0,167.0
2025-10-03 11:30:00,MCX:GOLD1!,117360.0,117475.0,117260.0,117475.0,193.0
2025-10-03 11:45:00,MCX:GOLD1!,117481.0,117534.0,117445.0,117520.0,123.0
2025-10-03 12:00:00,MCX:GOLD1!,117525.0,117536.0,117430.0,117430.0,115.0
2025-10-03 12:15:00,MCX:GOLD1!,117430.0,117448.0,117355.0,117440.0,77.0
2025-10-03 12:30:00,MCX:GOLD1!,117450.0,117500.0,117385.0,117440.0,82.0
2025-10-03 12:45:00,MCX:GOLD1!,117441.0,117540.0,117441.0,117535.0,103.0
2025-10-03 13:00:00,MCX:GOLD1!,117540.0,117639.0,117515.0,117600.0,114.0
2025-10-03 13:15:00,MCX:GOLD1!,117600.0,117605.0,117550.0,117571.0,98.0
2025-10-03 13:30:00,MCX:GOLD1!,117580.0,117604.0,117490.0,117490.0,109.0
2025-10-03 13:45:00,MCX:GOLD1!,117490.0,117518.0,117424.0,117505.0,81.0
2025-10-03 14:00:00,MCX:GOLD1!,117515.0,117539.0,117469.0,117500.0,83.0
2025-10-03 14:15:00,MCX:GOLD1!,117505.0,117627.0,117430.0,117627.0,211.0
2025-10-03 14:30:00,MCX:GOLD1!,117610.0,117620.0,117479.0,117535.0,91.0
2025-10-03 14:45:00,MCX:GOLD1!,117538.0,117554.0,117386.0,117450.0,125.0
2025-10-03 15:00:00,MCX:GOLD1!,117450.0,117492.0,117426.0,117480.0,31.0
2025-10-03 15:15:00,MCX:GOLD1!,117471.0,117610.0,117456.0,117607.0,97.0
2025-10-03 15:30:00,MCX:GOLD1!,117610.0,117650.0,117564.0,117620.0,116.0
2025-10-03 15:45:00,MCX:GOLD1!,117625.0,117669.0,117536.0,117590.0,67.0
2025-10-03 16:00:00,MCX:GOLD1!,117578.0,117730.0,117565.0,117662.0,138.0
2025-10-03 16:15:00,MCX:GOLD1!,117681.0,117765.0,117616.0,117701.0,123.0
2025-10-03 16:30:00,MCX:GOLD1!,117702.0,117740.0,117610.0,117610.0,120.0
2025-10-03 16:45:00,MCX:GOLD1!,117595.0,117599.0,117430.0,117458.0,196.0
2025-10-03 17:00:00,MCX:GOLD1!,117456.0,117562.0,117372.0,117556.0,192.0
2025-10-03 17:15:00,MCX:GOLD1!,117550.0,117686.0,117521.0,117542.0,97.0
2025-10-03 17:30:00,MCX:GOLD1!,117537.0,117629.0,117530.0,117572.0,67.0
2025-10-03 17:45:00,MCX:GOLD1!,117650.0,117685.0,117526.0,117681.0,73.0
2025-10-03 18:00:00,MCX:GOLD1!,117676.0,117876.0,117655.0,117851.0,312.0
2025-10-03 18:15:00,MCX:GOLD1!,117868.0,117967.0,117828.0,117942.0,204.0
2025-10-03 18:30:00,MCX:GOLD1!,117946.0,118060.0,117833.0,118049.0,337.0
2025-10-03 18:45:00,MCX:GOLD1!,118052.0,118248.0,118025.0,118134.0,511.0
2025-10-03 19:00:00,MCX:GOLD1!,118134.0,118280.0,117873.0,118253.0,681.0
2025-10-03 19:15:00,MCX:GOLD1!,118270.0,118340.0,118100.0,118160.0,402.0
2025-10-03 19:30:00,MCX:GOLD1!,118205.0,118252.0,117710.0,117714.0,714.0
2025-10-03 19:45:00,MCX:GOLD1!,117735.0,118053.0,117735.0,118042.0,182.0
2025-10-03 20:00:00,MCX:GOLD1!,118013.0,118050.0,117893.0,117924.0,172.0
2025-10-03 20:15:00,MCX:GOLD1!,117926.0,118089.0,117926.0,118038.0,149.0
2025-10-03 20:30:00,MCX:GOLD1!,118062.0,118120.0,117920.0,118099.0,205.0
2025-10-03 20:45:00,MCX:GOLD1!,118100.0,118305.0,118026.0,118300.0,436.0
2025-10-03 21:00:00,MCX:GOLD1!,118297.0,118300.0,118171.0,118245.0,266.0
2025-10-03 21:15:00,MCX:GOLD1!,118230.0,118345.0,118203.0,118287.0,328.0
2025-10-03 21:30:00,MCX:GOLD1!,118280.0,118280.0,118160.0,118240.0,150.0
2025-10-03 21:45:00,MCX:GOLD1!,118167.0,118189.0,118073.0,118125.0,143.0
2025-10-03 22:00:00,MCX:GOLD1!,118119.0,118176.0,118100.0,118108.0,74.0
2025-10-03 22:15:00,MCX:GOLD1!,118120.0,118178.0,118104.0,118135.0,92.0
2025-10-03 22:30:00,MCX:GOLD1!,118139.0,118180.0,118069.0,118175.0,91.0
2025-10-03 22:45:00,MCX:GOLD1!,118175.0,118223.0,118131.0,118131.0,136.0
2025-10-03 23:00:00,MCX:GOLD1!,118150.0,118214.0,118110.0,118165.0,146.0
2025-10-03 23:15:00,MCX:GOLD1!,118182.0,118190.0,118015.0,118100.0,362.0
2025-10-06 09:00:00,MCX:GOLD1!,118900.0,119488.0,118900.0,119463.0,1056.0
2025-10-06 09:15:00,MCX:GOLD1!,119486.0,119538.0,119409.0,119459.0,437.0
2025-10-06 09:30:00,MCX:GOLD1!,119451.0,119560.0,119451.0,119469.0,223.0
2025-10-06 09:45:00,MCX:GOLD1!,119470.0,119600.0,119450.0,119571.0,179.0
2025-10-06 10:00:00,MCX:GOLD1!,119577.0,119824.0,119571.0,119824.0,387.0
2025-10-06 10:15:00,MCX:GOLD1!,119840.0,119850.0,119709.0,119826.0,265.0
2025-10-06 10:30:00,MCX:GOLD1!,119816.0,119933.0,119738.0,119865.0,314.0
2025-10-06 10:45:00,MCX:GOLD1!,119849.0,119853.0,119600.0,119771.0,499.0
2025-10-06 11:00:00,MCX:GOLD1!,119780.0,119780.0,119542.0,119600.0,280.0
2025-10-06 11:15:00,MCX:GOLD1!,119600.0,119707.0,119576.0,119671.0,144.0
2025-10-06 11:30:00,MCX:GOLD1!,119670.0,119690.0,119406.0,119498.0,394.0
2025-10-06 11:45:00,MCX:GOLD1!,119499.0,119592.0,119450.0,119540.0,204.0
2025-10-06 12:00:00,MCX:GOLD1!,119570.0,119570.0,119472.0,119542.0,115.0
2025-10-06 12:15:00,MCX:GOLD1!,119550.0,119731.0,119550.0,119690.0,278.0
2025-10-06 12:30:00,MCX:GOLD1!,119710.0,119740.0,119668.0,119686.0,115.0
2025-10-06 12:45:00,MCX:GOLD1!,119695.0,119715.0,119550.0,119615.0,232.0
2025-10-06 13:00:00,MCX:GOLD1!,119638.0,119746.0,119620.0,119668.0,85.0
2025-10-06 13:15:00,MCX:GOLD1!,119665.0,119921.0,119635.0,119838.0,476.0
2025-10-06 13:30:00,MCX:GOLD1!,119850.0,120075.0,119850.0,120005.0,477.0
2025-10-06 13:45:00,MCX:GOLD1!,120005.0,120074.0,119823.0,119909.0,328.0
2025-10-06 14:00:00,MCX:GOLD1!,119912.0,119920.0,119720.0,119750.0,335.0
2025-10-06 14:15:00,MCX:GOLD1!,119750.0,120020.0,119750.0,119928.0,215.0
2025-10-06 14:30:00,MCX:GOLD1!,119893.0,119956.0,119881.0,119925.0,68.0
2025-10-06 14:45:00,MCX:GOLD1!,119924.0,119938.0,119845.0,119938.0,93.0
2025-10-06 15:00:00,MCX:GOLD1!,119969.0,119969.0,119802.0,119824.0,149.0
2025-10-06 15:15:00,MCX:GOLD1!,119852.0,119929.0,119795.0,119881.0,122.0
2025-10-06 15:30:00,MCX:GOLD1!,119900.0,119910.0,119680.0,119839.0,180.0
2025-10-06 15:45:00,MCX:GOLD1!,119800.0,119903.0,119774.0,119800.0,143.0
2025-10-06 16:00:00,MCX:GOLD1!,119830.0,120042.0,119830.0,120042.0,285.0
2025-10-06 16:15:00,MCX:GOLD1!,120070.0,120070.0,119943.0,119943.0,163.0
2025-10-06 16:30:00,MCX:GOLD1!,119943.0,119943.0,119782.0,119841.0,140.0
2025-10-06 16:45:00,MCX:GOLD1!,119820.0,119860.0,119730.0,119860.0,151.0
2025-10-06 17:00:00,MCX:GOLD1!,119850.0,119900.0,119720.0,119750.0,110.0
2025-10-06 17:15:00,MCX:GOLD1!,119750.0,119865.0,119663.0,119860.0,242.0
2025-10-06 17:30:00,MCX:GOLD1!,119826.0,119860.0,119717.0,119860.0,88.0
2025-10-06 17:45:00,MCX:GOLD1!,119840.0,119900.0,119540.0,119591.0,429.0
2025-10-06 18:00:00,MCX:GOLD1!,119580.0,119686.0,119507.0,119660.0,329.0
2025-10-06 18:15:00,MCX:GOLD1!,119650.0,119820.0,119650.0,119650.0,207.0
2025-10-06 18:30:00,MCX:GOLD1!,119700.0,119763.0,119550.0,119626.0,187.0
2025-10-06 18:45:00,MCX:GOLD1!,119650.0,119725.0,119605.0,119668.0,176.0
2025-10-06 19:00:00,MCX:GOLD1!,119701.0,119944.0,119525.0,119932.0,837.0
2025-10-06 19:15:00,MCX:GOLD1!,119925.0,119999.0,119832.0,119940.0,215.0
2025-10-06 19:30:00,MCX:GOLD1!,119933.0,120100.0,119806.0,120050.0,615.0
2025-10-06 19:45:00,MCX:GOLD1!,120055.0,120089.0,119926.0,119978.0,155.0
2025-10-06 20:00:00,MCX:GOLD1!,119994.0,120300.0,119984.0,120241.0,567.0
2025-10-06 20:15:00,MCX:GOLD1!,120250.0,120355.0,120207.0,120247.0,510.0
2025-10-06 20:30:00,MCX:GOLD1!,120230.0,120273.0,120087.0,120203.0,308.0
2025-10-06 20:45:00,MCX:GOLD1!,120231.0,120275.0,120040.0,120068.0,246.0
2025-10-06 21:00:00,MCX:GOLD1!,120068.0,120268.0,120046.0,120248.0,158.0
2025-10-06 21:15:00,MCX:GOLD1!,120212.0,120423.0,120167.0,120351.0,420.0
2025-10-06 21:30:00,MCX:GOLD1!,120362.0,120600.0,120001.0,120009.0,1174.0
2025-10-06 21:45:00,MCX:GOLD1!,120008.0,120210.0,119959.0,120159.0,514.0
2025-10-06 22:00:00,MCX:GOLD1!,120158.0,120245.0,120101.0,120140.0,83.0
2025-10-06 22:15:00,MCX:GOLD1!,120122.0,120213.0,120110.0,120193.0,42.0
2025-10-06 22:30:00,MCX:GOLD1!,120199.0,120300.0,120199.0,120252.0,190.0
2025-10-06 22:45:00,MCX:GOLD1!,120252.0,120272.0,120123.0,120145.0,105.0
2025-10-06 23:00:00,MCX:GOLD1!,120118.0,120224.0,120118.0,120219.0,106.0
2025-10-06 23:15:00,MCX:GOLD1!,120198.0,120340.0,120175.0,120325.0,388.0
2025-10-07 09:00:00,MCX:GOLD1!,120350.0,120800.0,120350.0,120795.0,1019.0
2025-10-07 09:15:00,MCX:GOLD1!,120782.0,120879.0,120714.0,120780.0,438.0
2025-10-07 09:30:00,MCX:GOLD1!,120752.0,120863.0,120706.0,120829.0,202.0
2025-10-07 09:45:00,MCX:GOLD1!,120809.0,120864.0,120785.0,120800.0,185.0
2025-10-07 10:00:00,MCX:GOLD1!,120800.0,120840.0,120780.0,120815.0,124.0
2025-10-07 10:15:00,MCX:GOLD1!,120800.0,120897.0,120800.0,120871.0,150.0
2025-10-07 10:30:00,MCX:GOLD1!,120871.0,120900.0,120493.0,120616.0,646.0
2025-10-07 10:45:00,MCX:GOLD1!,120616.0,120640.0,120526.0,120580.0,391.0
2025-10-07 11:00:00,MCX:GOLD1!,120580.0,120656.0,120485.0,120500.0,289.0
2025-10-07 11:15:00,MCX:GOLD1!,120507.0,120577.0,120479.0,120559.0,194.0
2025-10-07 11:30:00,MCX:GOLD1!,120540.0,120540.0,120440.0,120520.0,157.0
2025-10-07 11:45:00,MCX:GOLD1!,120516.0,120540.0,120420.0,120517.0,152.0
2025-10-07 12:00:00,MCX:GOLD1!,120514.0,120514.0,120300.0,120360.0,368.0
2025-10-07 12:15:00,MCX:GOLD1!,120380.0,120448.0,120251.0,120286.0,277.0
2025-10-07 12:30:00,MCX:GOLD1!,120272.0,120277.0,120061.0,120100.0,588.0
2025-10-07 12:45:00,MCX:GOLD1!,120100.0,120165.0,119877.0,120165.0,833.0
2025-10-07 13:00:00,MCX:GOLD1!,120200.0,120367.0,120115.0,120188.0,325.0
2025-10-07 13:15:00,MCX:GOLD1!,120166.0,120220.0,119916.0,120033.0,216.0
2025-10-07 13:30:00,MCX:GOLD1!,120014.0,120077.0,119888.0,120013.0,325.0
2025-10-07 13:45:00,MCX:GOLD1!,120025.0,120170.0,119972.0,120080.0,276.0
2025-10-07 14:00:00,MCX:GOLD1!,120080.0,120200.0,120071.0,120196.0,133.0
2025-10-07 14:15:00,MCX:GOLD1!,120170.0,120240.0,120141.0,120170.0,99.0
2025-10-07 14:30:00,MCX:GOLD1!,120180.0,120431.0,120180.0,120424.0,268.0
2025-10-07 14:45:00,MCX:GOLD1!,120404.0,120546.0,120371.0,120375.0,213.0
2025-10-07 15:00:00,MCX:GOLD1!,120380.0,120498.0,120380.0,120450.0,92.0
2025-10-07 15:15:00,MCX:GOLD1!,120431.0,120480.0,120303.0,120309.0,152.0
2025-10-07 15:30:00,MCX:GOLD1!,120300.0,120449.0,120290.0,120389.0,101.0
2025-10-07 15:45:00,MCX:GOLD1!,120390.0,120430.0,120365.0,120412.0,37.0
2025-10-07 16:00:00,MCX:GOLD1!,120410.0,120520.0,120410.0,120460.0,136.0
2025-10-07 16:15:00,MCX:GOLD1!,120450.0,120545.0,120432.0,120463.0,119.0
2025-10-07 16:30:00,MCX:GOLD1!,120463.0,120520.0,120440.0,120520.0,38.0
2025-10-07 16:45:00,MCX:GOLD1!,120520.0,120520.0,120350.0,120355.0,190.0
2025-10-07 17:00:00,MCX:GOLD1!,120358.0,120620.0,120322.0,120604.0,167.0
2025-10-07 17:15:00,MCX:GOLD1!,120604.0,120700.0,120528.0,120668.0,242.0
2025-10-07 17:30:00,MCX:GOLD1!,120675.0,120744.0,120675.0,120728.0,128.0
2025-10-07 17:45:00,MCX:GOLD1!,120728.0,120766.0,120552.0,120567.0,252.0
2025-10-07 18:00:00,MCX:GOLD1!,120578.0,120818.0,120577.0,120809.0,264.0
2025-10-07 18:15:00,MCX:GOLD1!,120810.0,121029.0,120762.0,121000.0,619.0
2025-10-07 18:30:00,MCX:GOLD1!,120993.0,121137.0,120966.0,121104.0,524.0
2025-10-07 18:45:00,MCX:GOLD1!,121100.0,121149.0,120888.0,121086.0,467.0
2025-10-07 19:00:00,MCX:GOLD1!,121089.0,121089.0,120693.0,120784.0,655.0
2025-10-07 19:15:00,MCX:GOLD1!,120821.0,121014.0,120790.0,120933.0,224.0
2025-10-07 19:30:00,MCX:GOLD1!,120935.0,120980.0,120721.0,120793.0,329.0
2025-10-07 19:45:00,MCX:GOLD1!,120787.0,120950.0,120719.0,120950.0,157.0
2025-10-07 20:00:00,MCX:GOLD1!,120950.0,121149.0,120930.0,121004.0,551.0
2025-10-07 20:15:00,MCX:GOLD1!,120990.0,121135.0,120973.0,121135.0,367.0
2025-10-07 20:30:00,MCX:GOLD1!,121140.0,121214.0,120976.0,121127.0,471.0
2025-10-07 20:45:00,MCX:GOLD1!,121149.0,121250.0,121086.0,121086.0,343.0
2025-10-07 21:00:00,MCX:GOLD1!,121087.0,121119.0,120773.0,120799.0,473.0
2025-10-07 21:15:00,MCX:GOLD1!,120815.0,120827.0,120485.0,120617.0,1330.0
2025-10-07 21:30:00,MCX:GOLD1!,120624.0,120907.0,120544.0,120589.0,519.0
2025-10-07 21:45:00,MCX:GOLD1!,120588.0,120824.0,120565.0,120684.0,225.0
2025-10-07 22:00:00,MCX:GOLD1!,120682.0,120981.0,120682.0,120876.0,304.0
2025-10-07 22:15:00,MCX:GOLD1!,120880.0,120912.0,120749.0,120886.0,85.0
2025-10-07 22:30:00,MCX:GOLD1!,120886.0,121103.0,120886.0,121007.0,497.0
2025-10-07 22:45:00,MCX:GOLD1!,121007.0,121071.0,120970.0,120990.0,323.0
2025-10-07 23:00:00,MCX:GOLD1!,120972.0,121175.0,120972.0,121150.0,259.0
2025-10-07 23:15:00,MCX:GOLD1!,121155.0,121199.0,121050.0,121088.0,442.0
2025-10-08 09:00:00,MCX:GOLD1!,122009.0,122101.0,121878.0,121966.0,743.0
2025-10-08 09:15:00,MCX:GOLD1!,121980.0,122090.0,121965.0,122040.0,431.0
2025-10-08 09:30:00,MCX:GOLD1!,122041.0,122220.0,122035.0,122206.0,412.0
2025-10-08 09:45:00,MCX:GOLD1!,122200.0,122203.0,122119.0,122150.0,184.0
2025-10-08 10:00:00,MCX:GOLD1!,122155.0,122193.0,122110.0,122173.0,183.0
2025-10-08 10:15:00,MCX:GOLD1!,122173.0,122420.0,122146.0,122420.0,398.0
2025-10-08 10:30:00,MCX:GOLD1!,122420.0,122543.0,122351.0,122543.0,283.0
2025-10-08 10:45:00,MCX:GOLD1!,122544.0,122634.0,122486.0,122585.0,346.0
2025-10-08 11:00:00,MCX:GOLD1!,122590.0,122740.0,122500.0,122500.0,503.0
2025-10-08 11:15:00,MCX:GOLD1!,122505.0,122602.0,122462.0,122518.0,299.0
2025-10-08 11:30:00,MCX:GOLD1!,122517.0,122584.0,122470.0,122493.0,177.0
2025-10-08 11:45:00,MCX:GOLD1!,122470.0,122497.0,122330.0,122472.0,292.0
2025-10-08 12:00:00,MCX:GOLD1!,122444.0,122620.0,122434.0,122607.0,183.0
2025-10-08 12:15:00,MCX:GOLD1!,122600.0,122600.0,122552.0,122580.0,93.0
2025-10-08 12:30:00,MCX:GOLD1!,122580.0,122775.0,122549.0,122684.0,388.0
2025-10-08 12:45:00,MCX:GOLD1!,122684.0,122780.0,122620.0,122750.0,179.0
2025-10-08 13:00:00,MCX:GOLD1!,122746.0,122767.0,122646.0,122750.0,150.0
2025-10-08 13:15:00,MCX:GOLD1!,122749.0,122765.0,122600.0,122668.0,138.0
2025-10-08 13:30:00,MCX:GOLD1!,122709.0,122799.0,122653.0,122724.0,140.0
2025-10-08 13:45:00,MCX:GOLD1!,122710.0,122829.0,122690.0,122750.0,189.0
2025-10-08 14:00:00,MCX:GOLD1!,122748.0,122800.0,122726.0,122794.0,92.0
2025-10-08 14:15:00,MCX:GOLD1!,122794.0,122825.0,122731.0,122731.0,125.0
2025-10-08 14:30:00,MCX:GOLD1!,122734.0,122818.0,122670.0,122705.0,218.0
2025-10-08 14:45:00,MCX:GOLD1!,122706.0,122745.0,122670.0,122688.0,108.0
2025-10-08 15:00:00,MCX:GOLD1!,122665.0,122790.0,122561.0,122790.0,270.0
2025-10-08 15:15:00,MCX:GOLD1!,122790.0,123075.0,122790.0,123064.0,724.0
2025-10-08 15:30:00,MCX:GOLD1!,123060.0,123080.0,122942.0,122991.0,241.0
2025-10-08 15:45:00,MCX:GOLD1!,122980.0,122990.0,122762.0,122841.0,383.0
2025-10-08 16:00:00,MCX:GOLD1!,122800.0,122849.0,122668.0,122757.0,429.0
2025-10-08 16:15:00,MCX:GOLD1!,122796.0,122817.0,122710.0,122750.0,202.0
2025-10-08 16:30:00,MCX:GOLD1!,122740.0,122752.0,122627.0,122734.0,292.0
2025-10-08 16:45:00,MCX:GOLD1!,122720.0,122765.0,122634.0,122700.0,192.0
2025-10-08 17:00:00,MCX:GOLD1!,122695.0,122849.0,122640.0,122789.0,276.0
2025-10-08 17:15:00,MCX:GOLD1!,122760.0,122835.0,122700.0,122833.0,311.0
2025-10-08 17:30:00,MCX:GOLD1!,122812.0,123020.0,122792.0,122967.0,339.0
2025-10-08 17:45:00,MCX:GOLD1!,122967.0,122990.0,122861.0,122905.0,128.0
